asset_id,department,asset_type,division,section_id,section_name,km_location,traffic_density,asset_age_years,condition_index,asset_criticality
EN-SEC-A01-001,ENGINEERING,Track Circuit Bond,Demo Division,SEC-A01,Nagpur–Wardha,8.762,HIGH,ACTIVE,4,HIGH
EN-SEC-A01-002,ENGINEERING,Weld,Demo Division,SEC-A01,Nagpur–Wardha,57.397,HIGH,ACTIVE,10,MEDIUM
EN-SEC-A01-003,ENGINEERING,Rail,Demo Division,SEC-A01,Nagpur–Wardha,2.418,HIGH,ACTIVE,4,LOW
EN-SEC-A01-004,ENGINEERING,Turnout,Demo Division,SEC-A01,Nagpur–Wardha,2.164,HIGH,ACTIVE,12,LOW
EN-SEC-A01-005,ENGINEERING,Track Circuit Bond,Demo Division,SEC-A01,Nagpur–Wardha,42.496,HIGH,ACTIVE,8,LOW
EN-SEC-A01-006,ENGINEERING,Sleeper,Demo Division,SEC-A01,Nagpur–Wardha,63.074,HIGH,ACTIVE,13,HIGH
EN-SEC-A01-007,ENGINEERING,Track Circuit Bond,Demo Division,SEC-A01,Nagpur–Wardha,32.979,HIGH,ACTIVE,3,HIGH
EN-SEC-A01-008,ENGINEERING,Bridge Approach,Demo Division,SEC-A01,Nagpur–Wardha,26.287,HIGH,ACTIVE,7,HIGH
EN-SEC-A01-009,ENGINEERING,Sleeper,Demo Division,SEC-A01,Nagpur–Wardha,66.035,HIGH,ACTIVE,13,HIGH
EN-SEC-A01-010,ENGINEERING,Track Circuit Bond,Demo Division,SEC-A01,Nagpur–Wardha,35.843,HIGH,ACTIVE,15,MEDIUM
EN-SEC-A01-011,ENGINEERING,Rail,Demo Division,SEC-A01,Nagpur–Wardha,43.049,HIGH,ACTIVE,10,HIGH
EN-SEC-A01-012,ENGINEERING,Track Circuit Bond,Demo Division,SEC-A01,Nagpur–Wardha,5.511,HIGH,ACTIVE,13,MEDIUM
EN-SEC-A01-013,ENGINEERING,Rail,Demo Division,SEC-A01,Nagpur–Wardha,66.644,HIGH,ACTIVE,7,MEDIUM
EN-SEC-A01-014,ENGINEERING,Ballast,Demo Division,SEC-A01,Nagpur–Wardha,49.556,HIGH,ACTIVE,3,MEDIUM
EN-SEC-A01-015,ENGINEERING,Sleeper,Demo Division,SEC-A01,Nagpur–Wardha,16.4,HIGH,ACTIVE,12,LOW
EN-SEC-A01-016,ENGINEERING,Track Circuit Bond,Demo Division,SEC-A01,Nagpur–Wardha,5.655,HIGH,ACTIVE,9,LOW
EN-SEC-A01-017,ENGINEERING,Weld,Demo Division,SEC-A01,Nagpur–Wardha,12.813,HIGH,UNDER_MAINTENANCE,5,LOW
EN-SEC-A01-018,ENGINEERING,Track Circuit Bond,Demo Division,SEC-A01,Nagpur–Wardha,43.431,HIGH,ACTIVE,14,HIGH
EN-SEC-A01-019,ENGINEERING,Weld,Demo Division,SEC-A01,Nagpur–Wardha,64.036,HIGH,ACTIVE,7,MEDIUM
EN-SEC-A01-020,ENGINEERING,Rail,Demo Division,SEC-A01,Nagpur–Wardha,16.514,HIGH,ACTIVE,4,LOW
TR-SEC-A01-001,TRACTION,Mast,Demo Division,SEC-A01,Nagpur–Wardha,30.88,HIGH,UNDER_MAINTENANCE,3,MEDIUM
TR-SEC-A01-002,TRACTION,Catenary Wire,Demo Division,SEC-A01,Nagpur–Wardha,19.288,HIGH,ACTIVE,12,LOW
TR-SEC-A01-003,TRACTION,Mast,Demo Division,SEC-A01,Nagpur–Wardha,69.951,HIGH,UNDER_MAINTENANCE,6,HIGH
TR-SEC-A01-004,TRACTION,Catenary Wire,Demo Division,SEC-A01,Nagpur–Wardha,39.741,HIGH,ACTIVE,13,HIGH
TR-SEC-A01-005,TRACTION,Neutral Section,Demo Division,SEC-A01,Nagpur–Wardha,8.631,HIGH,ACTIVE,13,LOW
TR-SEC-A01-006,TRACTION,Mast,Demo Division,SEC-A01,Nagpur–Wardha,46.501,HIGH,UNDER_MAINTENANCE,7,LOW
TR-SEC-A01-007,TRACTION,Mast,Demo Division,SEC-A01,Nagpur–Wardha,41.265,HIGH,ACTIVE,11,LOW
TR-SEC-A01-008,TRACTION,OHE Contact Wire,Demo Division,SEC-A01,Nagpur–Wardha,53.137,HIGH,ACTIVE,13,LOW
TR-SEC-A01-009,TRACTION,Section Insulator,Demo Division,SEC-A01,Nagpur–Wardha,8.779,HIGH,UNDER_MAINTENANCE,3,MEDIUM
TR-SEC-A01-010,TRACTION,OHE Contact Wire,Demo Division,SEC-A01,Nagpur–Wardha,74.307,HIGH,ACTIVE,9,HIGH
TR-SEC-A01-011,TRACTION,Dropper,Demo Division,SEC-A01,Nagpur–Wardha,71.102,HIGH,ACTIVE,14,LOW
TR-SEC-A01-012,TRACTION,Dropper,Demo Division,SEC-A01,Nagpur–Wardha,47.478,HIGH,ACTIVE,6,HIGH
TR-SEC-A01-013,TRACTION,Dropper,Demo Division,SEC-A01,Nagpur–Wardha,74.282,HIGH,ACTIVE,10,MEDIUM
TR-SEC-A01-014,TRACTION,Mast,Demo Division,SEC-A01,Nagpur–Wardha,1.615,HIGH,ACTIVE,15,MEDIUM
TR-SEC-A01-015,TRACTION,Catenary Wire,Demo Division,SEC-A01,Nagpur–Wardha,4.607,HIGH,ACTIVE,2,LOW
TR-SEC-A01-016,TRACTION,Mast,Demo Division,SEC-A01,Nagpur–Wardha,63.587,HIGH,ACTIVE,3,LOW
TR-SEC-A01-017,TRACTION,Mast,Demo Division,SEC-A01,Nagpur–Wardha,73.765,HIGH,ACTIVE,5,LOW
TR-SEC-A01-018,TRACTION,Neutral Section,Demo Division,SEC-A01,Nagpur–Wardha,47.293,HIGH,ACTIVE,15,LOW
TR-SEC-A01-019,TRACTION,Neutral Section,Demo Division,SEC-A01,Nagpur–Wardha,56.889,HIGH,ACTIVE,12,MEDIUM
TR-SEC-A01-020,TRACTION,Mast,Demo Division,SEC-A01,Nagpur–Wardha,77.523,HIGH,ACTIVE,8,LOW
S&-SEC-A01-001,S&T,Relay,Demo Division,SEC-A01,Nagpur–Wardha,9.514,HIGH,ACTIVE,2,MEDIUM
S&-SEC-A01-002,S&T,Signal,Demo Division,SEC-A01,Nagpur–Wardha,45.87,HIGH,ACTIVE,10,HIGH
S&-SEC-A01-003,S&T,Signal,Demo Division,SEC-A01,Nagpur–Wardha,5.623,HIGH,ACTIVE,4,HIGH
S&-SEC-A01-004,S&T,Signal,Demo Division,SEC-A01,Nagpur–Wardha,66.98,HIGH,ACTIVE,9,HIGH
S&-SEC-A01-005,S&T,Axle Counter,Demo Division,SEC-A01,Nagpur–Wardha,52.146,HIGH,ACTIVE,9,HIGH
S&-SEC-A01-006,S&T,Cable,Demo Division,SEC-A01,Nagpur–Wardha,72.883,HIGH,UNDER_MAINTENANCE,4,MEDIUM
S&-SEC-A01-007,S&T,Electronic Interlocking,Demo Division,SEC-A01,Nagpur–Wardha,31.769,HIGH,ACTIVE,2,LOW
S&-SEC-A01-008,S&T,Relay,Demo Division,SEC-A01,Nagpur–Wardha,27.664,HIGH,UNDER_MAINTENANCE,8,LOW
S&-SEC-A01-009,S&T,Signal,Demo Division,SEC-A01,Nagpur–Wardha,52.488,HIGH,ACTIVE,1,MEDIUM
S&-SEC-A01-010,S&T,Cable,Demo Division,SEC-A01,Nagpur–Wardha,26.498,HIGH,ACTIVE,4,HIGH
S&-SEC-A01-011,S&T,Point Machine,Demo Division,SEC-A01,Nagpur–Wardha,41.823,HIGH,ACTIVE,7,HIGH
S&-SEC-A01-012,S&T,Axle Counter,Demo Division,SEC-A01,Nagpur–Wardha,36.092,HIGH,ACTIVE,8,LOW
S&-SEC-A01-013,S&T,Signal,Demo Division,SEC-A01,Nagpur–Wardha,4.036,HIGH,ACTIVE,2,HIGH
S&-SEC-A01-014,S&T,Point Machine,Demo Division,SEC-A01,Nagpur–Wardha,31.719,HIGH,UNDER_MAINTENANCE,4,MEDIUM
S&-SEC-A01-015,S&T,Signal,Demo Division,SEC-A01,Nagpur–Wardha,12.909,HIGH,ACTIVE,7,MEDIUM
S&-SEC-A01-016,S&T,Electronic Interlocking,Demo Division,SEC-A01,Nagpur–Wardha,61.183,HIGH,ACTIVE,7,LOW
S&-SEC-A01-017,S&T,Cable,Demo Division,SEC-A01,Nagpur–Wardha,77.544,HIGH,UNDER_MAINTENANCE,3,HIGH
S&-SEC-A01-018,S&T,Axle Counter,Demo Division,SEC-A01,Nagpur–Wardha,17.037,HIGH,ACTIVE,10,LOW
S&-SEC-A01-019,S&T,Track Circuit,Demo Division,SEC-A01,Nagpur–Wardha,4.842,HIGH,ACTIVE,1,HIGH
S&-SEC-A01-020,S&T,Track Circuit,Demo Division,SEC-A01,Nagpur–Wardha,37.194,HIGH,ACTIVE,1,LOW
EN-SEC-A02-001,ENGINEERING,Rail,Demo Division,SEC-A02,Wardha–Badnera,142.632,HIGH,ACTIVE,10,HIGH
EN-SEC-A02-002,ENGINEERING,Track Circuit Bond,Demo Division,SEC-A02,Wardha–Badnera,143.426,HIGH,UNDER_MAINTENANCE,2,LOW
EN-SEC-A02-003,ENGINEERING,Weld,Demo Division,SEC-A02,Wardha–Badnera,121.982,HIGH,ACTIVE,10,HIGH
EN-SEC-A02-004,ENGINEERING,Ballast,Demo Division,SEC-A02,Wardha–Badnera,127.929,HIGH,ACTIVE,15,MEDIUM
EN-SEC-A02-005,ENGINEERING,Weld,Demo Division,SEC-A02,Wardha–Badnera,128.865,HIGH,ACTIVE,4,MEDIUM
EN-SEC-A02-006,ENGINEERING,Ballast,Demo Division,SEC-A02,Wardha–Badnera,88.021,HIGH,ACTIVE,8,MEDIUM
EN-SEC-A02-007,ENGINEERING,Bridge Approach,Demo Division,SEC-A02,Wardha–Badnera,149.029,HIGH,ACTIVE,8,LOW
EN-SEC-A02-008,ENGINEERING,Turnout,Demo Division,SEC-A02,Wardha–Badnera,153.604,HIGH,ACTIVE,9,HIGH
EN-SEC-A02-009,ENGINEERING,Turnout,Demo Division,SEC-A02,Wardha–Badnera,98.202,HIGH,ACTIVE,15,HIGH
EN-SEC-A02-010,ENGINEERING,Weld,Demo Division,SEC-A02,Wardha–Badnera,106.11,HIGH,ACTIVE,8,LOW
EN-SEC-A02-011,ENGINEERING,Track Circuit Bond,Demo Division,SEC-A02,Wardha–Badnera,101.031,HIGH,ACTIVE,11,LOW
EN-SEC-A02-012,ENGINEERING,Sleeper,Demo Division,SEC-A02,Wardha–Badnera,148.727,HIGH,ACTIVE,15,HIGH
EN-SEC-A02-013,ENGINEERING,Sleeper,Demo Division,SEC-A02,Wardha–Badnera,86.849,HIGH,ACTIVE,12,LOW
EN-SEC-A02-014,ENGINEERING,Weld,Demo Division,SEC-A02,Wardha–Badnera,98.744,HIGH,ACTIVE,12,MEDIUM
EN-SEC-A02-015,ENGINEERING,Weld,Demo Division,SEC-A02,Wardha–Badnera,130.212,HIGH,ACTIVE,9,MEDIUM
EN-SEC-A02-016,ENGINEERING,Sleeper,Demo Division,SEC-A02,Wardha–Badnera,146.725,HIGH,ACTIVE,2,LOW
EN-SEC-A02-017,ENGINEERING,Ballast,Demo Division,SEC-A02,Wardha–Badnera,140.965,HIGH,ACTIVE,1,MEDIUM
EN-SEC-A02-018,ENGINEERING,Bridge Approach,Demo Division,SEC-A02,Wardha–Badnera,88.016,HIGH,ACTIVE,3,LOW
EN-SEC-A02-019,ENGINEERING,Ballast,Demo Division,SEC-A02,Wardha–Badnera,119.917,HIGH,UNDER_MAINTENANCE,9,HIGH
EN-SEC-A02-020,ENGINEERING,Rail,Demo Division,SEC-A02,Wardha–Badnera,83.803,HIGH,ACTIVE,9,HIGH
TR-SEC-A02-001,TRACTION,Neutral Section,Demo Division,SEC-A02,Wardha–Badnera,106.087,HIGH,ACTIVE,7,HIGH
TR-SEC-A02-002,TRACTION,OHE Contact Wire,Demo Division,SEC-A02,Wardha–Badnera,101.466,HIGH,ACTIVE,15,MEDIUM
TR-SEC-A02-003,TRACTION,Catenary Wire,Demo Division,SEC-A02,Wardha–Badnera,129.801,HIGH,ACTIVE,6,LOW
TR-SEC-A02-004,TRACTION,Neutral Section,Demo Division,SEC-A02,Wardha–Badnera,108.903,HIGH,ACTIVE,15,HIGH
TR-SEC-A02-005,TRACTION,Neutral Section,Demo Division,SEC-A02,Wardha–Badnera,90.418,HIGH,ACTIVE,15,MEDIUM
TR-SEC-A02-006,TRACTION,OHE Contact Wire,Demo Division,SEC-A02,Wardha–Badnera,91.696,HIGH,ACTIVE,13,MEDIUM
TR-SEC-A02-007,TRACTION,Neutral Section,Demo Division,SEC-A02,Wardha–Badnera,128.879,HIGH,ACTIVE,5,HIGH
TR-SEC-A02-008,TRACTION,Neutral Section,Demo Division,SEC-A02,Wardha–Badnera,131.257,HIGH,UNDER_MAINTENANCE,14,HIGH
TR-SEC-A02-009,TRACTION,Neutral Section,Demo Division,SEC-A02,Wardha–Badnera,113.778,HIGH,ACTIVE,14,MEDIUM
TR-SEC-A02-010,TRACTION,Section Insulator,Demo Division,SEC-A02,Wardha–Badnera,101.233,HIGH,ACTIVE,4,HIGH
TR-SEC-A02-011,TRACTION,Feeder,Demo Division,SEC-A02,Wardha–Badnera,92.739,HIGH,ACTIVE,5,HIGH
TR-SEC-A02-012,TRACTION,Neutral Section,Demo Division,SEC-A02,Wardha–Badnera,99.258,HIGH,UNDER_MAINTENANCE,11,LOW
TR-SEC-A02-013,TRACTION,Section Insulator,Demo Division,SEC-A02,Wardha–Badnera,149.294,HIGH,ACTIVE,15,MEDIUM
TR-SEC-A02-014,TRACTION,Catenary Wire,Demo Division,SEC-A02,Wardha–Badnera,122.109,HIGH,ACTIVE,1,HIGH
TR-SEC-A02-015,TRACTION,Dropper,Demo Division,SEC-A02,Wardha–Badnera,111.04,HIGH,ACTIVE,7,LOW
TR-SEC-A02-016,TRACTION,Dropper,Demo Division,SEC-A02,Wardha–Badnera,86.866,HIGH,ACTIVE,5,HIGH
TR-SEC-A02-017,TRACTION,Feeder,Demo Division,SEC-A02,Wardha–Badnera,111.153,HIGH,ACTIVE,6,MEDIUM
TR-SEC-A02-018,TRACTION,OHE Contact Wire,Demo Division,SEC-A02,Wardha–Badnera,150.025,HIGH,ACTIVE,10,MEDIUM
TR-SEC-A02-019,TRACTION,Feeder,Demo Division,SEC-A02,Wardha–Badnera,142.38,HIGH,ACTIVE,9,MEDIUM
TR-SEC-A02-020,TRACTION,Feeder,Demo Division,SEC-A02,Wardha–Badnera,109.056,HIGH,UNDER_MAINTENANCE,12,MEDIUM
S&-SEC-A02-001,S&T,Track Circuit,Demo Division,SEC-A02,Wardha–Badnera,87.748,HIGH,UNDER_MAINTENANCE,11,MEDIUM
S&-SEC-A02-002,S&T,Cable,Demo Division,SEC-A02,Wardha–Badnera,134.809,HIGH,ACTIVE,10,LOW
S&-SEC-A02-003,S&T,Axle Counter,Demo Division,SEC-A02,Wardha–Badnera,108.88,HIGH,ACTIVE,5,MEDIUM
S&-SEC-A02-004,S&T,Point Machine,Demo Division,SEC-A02,Wardha–Badnera,110.686,HIGH,ACTIVE,8,MEDIUM
S&-SEC-A02-005,S&T,Relay,Demo Division,SEC-A02,Wardha–Badnera,129.313,HIGH,UNDER_MAINTENANCE,13,LOW
S&-SEC-A02-006,S&T,Point Machine,Demo Division,SEC-A02,Wardha–Badnera,128.041,HIGH,ACTIVE,9,LOW
S&-SEC-A02-007,S&T,Cable,Demo Division,SEC-A02,Wardha–Badnera,125.04,HIGH,ACTIVE,14,HIGH
S&-SEC-A02-008,S&T,Cable,Demo Division,SEC-A02,Wardha–Badnera,101.63,HIGH,ACTIVE,3,HIGH
S&-SEC-A02-009,S&T,Signal,Demo Division,SEC-A02,Wardha–Badnera,96.659,HIGH,UNDER_MAINTENANCE,10,HIGH
S&-SEC-A02-010,S&T,Relay,Demo Division,SEC-A02,Wardha–Badnera,109.515,HIGH,ACTIVE,12,LOW
S&-SEC-A02-011,S&T,Relay,Demo Division,SEC-A02,Wardha–Badnera,115.574,HIGH,ACTIVE,3,LOW
S&-SEC-A02-012,S&T,Cable,Demo Division,SEC-A02,Wardha–Badnera,78.52,HIGH,ACTIVE,13,MEDIUM
S&-SEC-A02-013,S&T,Point Machine,Demo Division,SEC-A02,Wardha–Badnera,91.432,HIGH,UNDER_MAINTENANCE,1,LOW
S&-SEC-A02-014,S&T,Point Machine,Demo Division,SEC-A02,Wardha–Badnera,147.644,HIGH,ACTIVE,8,HIGH
S&-SEC-A02-015,S&T,Electronic Interlocking,Demo Division,SEC-A02,Wardha–Badnera,113.32,HIGH,ACTIVE,13,MEDIUM
S&-SEC-A02-016,S&T,Track Circuit,Demo Division,SEC-A02,Wardha–Badnera,139.877,HIGH,UNDER_MAINTENANCE,14,LOW
S&-SEC-A02-017,S&T,Relay,Demo Division,SEC-A02,Wardha–Badnera,146.108,HIGH,UNDER_MAINTENANCE,8,MEDIUM
S&-SEC-A02-018,S&T,Electronic Interlocking,Demo Division,SEC-A02,Wardha–Badnera,96.841,HIGH,ACTIVE,13,LOW
S&-SEC-A02-019,S&T,Relay,Demo Division,SEC-A02,Wardha–Badnera,125.608,HIGH,ACTIVE,8,HIGH
S&-SEC-A02-020,S&T,Cable,Demo Division,SEC-A02,Wardha–Badnera,99.758,HIGH,ACTIVE,6,MEDIUM
EN-SEC-B01-001,ENGINEERING,Turnout,Demo Division,SEC-B01,Badnera–Akola,161.175,MEDIUM,ACTIVE,4,MEDIUM
EN-SEC-B01-002,ENGINEERING,Track Circuit Bond,Demo Division,SEC-B01,Badnera–Akola,167.516,MEDIUM,ACTIVE,2,MEDIUM
EN-SEC-B01-003,ENGINEERING,Ballast,Demo Division,SEC-B01,Badnera–Akola,183.151,MEDIUM,UNDER_MAINTENANCE,7,HIGH
EN-SEC-B01-004,ENGINEERING,Weld,Demo Division,SEC-B01,Badnera–Akola,227.228,MEDIUM,UNDER_MAINTENANCE,15,LOW
EN-SEC-B01-005,ENGINEERING,Track Circuit Bond,Demo Division,SEC-B01,Badnera–Akola,155.815,MEDIUM,UNDER_MAINTENANCE,8,HIGH
EN-SEC-B01-006,ENGINEERING,Sleeper,Demo Division,SEC-B01,Badnera–Akola,180.318,MEDIUM,UNDER_MAINTENANCE,14,MEDIUM
EN-SEC-B01-007,ENGINEERING,Turnout,Demo Division,SEC-B01,Badnera–Akola,219.732,MEDIUM,ACTIVE,8,HIGH
EN-SEC-B01-008,ENGINEERING,Sleeper,Demo Division,SEC-B01,Badnera–Akola,192.366,MEDIUM,ACTIVE,7,MEDIUM
EN-SEC-B01-009,ENGINEERING,Track Circuit Bond,Demo Division,SEC-B01,Badnera–Akola,213.729,MEDIUM,UNDER_MAINTENANCE,12,HIGH
EN-SEC-B01-010,ENGINEERING,Bridge Approach,Demo Division,SEC-B01,Badnera–Akola,195.137,MEDIUM,ACTIVE,10,LOW
EN-SEC-B01-011,ENGINEERING,Rail,Demo Division,SEC-B01,Badnera–Akola,233.728,MEDIUM,ACTIVE,2,LOW
EN-SEC-B01-012,ENGINEERING,Ballast,Demo Division,SEC-B01,Badnera–Akola,166.014,MEDIUM,UNDER_MAINTENANCE,3,HIGH
EN-SEC-B01-013,ENGINEERING,Sleeper,Demo Division,SEC-B01,Badnera–Akola,187.385,MEDIUM,ACTIVE,8,MEDIUM
EN-SEC-B01-014,ENGINEERING,Sleeper,Demo Division,SEC-B01,Badnera–Akola,220.936,MEDIUM,UNDER_MAINTENANCE,5,MEDIUM
EN-SEC-B01-015,ENGINEERING,Sleeper,Demo Division,SEC-B01,Badnera–Akola,227.405,MEDIUM,UNDER_MAINTENANCE,1,LOW
EN-SEC-B01-016,ENGINEERING,Turnout,Demo Division,SEC-B01,Badnera–Akola,158.673,MEDIUM,ACTIVE,4,LOW
EN-SEC-B01-017,ENGINEERING,Rail,Demo Division,SEC-B01,Badnera–Akola,222.692,MEDIUM,ACTIVE,13,HIGH
EN-SEC-B01-018,ENGINEERING,Weld,Demo Division,SEC-B01,Badnera–Akola,171.604,MEDIUM,ACTIVE,10,HIGH
EN-SEC-B01-019,ENGINEERING,Weld,Demo Division,SEC-B01,Badnera–Akola,165.182,MEDIUM,ACTIVE,10,HIGH
EN-SEC-B01-020,ENGINEERING,Ballast,Demo Division,SEC-B01,Badnera–Akola,215.513,MEDIUM,ACTIVE,3,LOW
TR-SEC-B01-001,TRACTION,Dropper,Demo Division,SEC-B01,Badnera–Akola,238.716,MEDIUM,ACTIVE,13,HIGH
TR-SEC-B01-002,TRACTION,Section Insulator,Demo Division,SEC-B01,Badnera–Akola,163.591,MEDIUM,ACTIVE,15,MEDIUM
TR-SEC-B01-003,TRACTION,Dropper,Demo Division,SEC-B01,Badnera–Akola,213.571,MEDIUM,UNDER_MAINTENANCE,7,LOW
TR-SEC-B01-004,TRACTION,Catenary Wire,Demo Division,SEC-B01,Badnera–Akola,160.772,MEDIUM,ACTIVE,2,LOW
TR-SEC-B01-005,TRACTION,Neutral Section,Demo Division,SEC-B01,Badnera–Akola,180.579,MEDIUM,ACTIVE,13,LOW
TR-SEC-B01-006,TRACTION,Neutral Section,Demo Division,SEC-B01,Badnera–Akola,157.706,MEDIUM,UNDER_MAINTENANCE,11,MEDIUM
TR-SEC-B01-007,TRACTION,OHE Contact Wire,Demo Division,SEC-B01,Badnera–Akola,198.523,MEDIUM,ACTIVE,1,MEDIUM
TR-SEC-B01-008,TRACTION,Neutral Section,Demo Division,SEC-B01,Badnera–Akola,197.14,MEDIUM,UNDER_MAINTENANCE,6,LOW
TR-SEC-B01-009,TRACTION,Neutral Section,Demo Division,SEC-B01,Badnera–Akola,194.465,MEDIUM,ACTIVE,7,HIGH
TR-SEC-B01-010,TRACTION,Feeder,Demo Division,SEC-B01,Badnera–Akola,199.909,MEDIUM,ACTIVE,10,LOW
TR-SEC-B01-011,TRACTION,Neutral Section,Demo Division,SEC-B01,Badnera–Akola,196.551,MEDIUM,UNDER_MAINTENANCE,14,LOW
TR-SEC-B01-012,TRACTION,Dropper,Demo Division,SEC-B01,Badnera–Akola,177.665,MEDIUM,ACTIVE,14,HIGH
TR-SEC-B01-013,TRACTION,Section Insulator,Demo Division,SEC-B01,Badnera–Akola,231.507,MEDIUM,ACTIVE,13,MEDIUM
TR-SEC-B01-014,TRACTION,Dropper,Demo Division,SEC-B01,Badnera–Akola,207.687,MEDIUM,UNDER_MAINTENANCE,6,HIGH
TR-SEC-B01-015,TRACTION,Mast,Demo Division,SEC-B01,Badnera–Akola,228.814,MEDIUM,ACTIVE,8,HIGH
TR-SEC-B01-016,TRACTION,Section Insulator,Demo Division,SEC-B01,Badnera–Akola,224.15,MEDIUM,ACTIVE,5,LOW
TR-SEC-B01-017,TRACTION,Feeder,Demo Division,SEC-B01,Badnera–Akola,231.373,MEDIUM,ACTIVE,9,HIGH
TR-SEC-B01-018,TRACTION,OHE Contact Wire,Demo Division,SEC-B01,Badnera–Akola,175.291,MEDIUM,UNDER_MAINTENANCE,8,LOW
TR-SEC-B01-019,TRACTION,Neutral Section,Demo Division,SEC-B01,Badnera–Akola,175.2,MEDIUM,UNDER_MAINTENANCE,11,LOW
TR-SEC-B01-020,TRACTION,Mast,Demo Division,SEC-B01,Badnera–Akola,193.45,MEDIUM,ACTIVE,2,MEDIUM
S&-SEC-B01-001,S&T,Point Machine,Demo Division,SEC-B01,Badnera–Akola,189.606,MEDIUM,ACTIVE,5,LOW
S&-SEC-B01-002,S&T,Track Circuit,Demo Division,SEC-B01,Badnera–Akola,186.5,MEDIUM,ACTIVE,7,LOW
S&-SEC-B01-003,S&T,Track Circuit,Demo Division,SEC-B01,Badnera–Akola,183.143,MEDIUM,UNDER_MAINTENANCE,5,MEDIUM
S&-SEC-B01-004,S&T,Axle Counter,Demo Division,SEC-B01,Badnera–Akola,174.341,MEDIUM,ACTIVE,6,HIGH
S&-SEC-B01-005,S&T,Cable,Demo Division,SEC-B01,Badnera–Akola,201.149,MEDIUM,ACTIVE,4,HIGH
S&-SEC-B01-006,S&T,Cable,Demo Division,SEC-B01,Badnera–Akola,196.613,MEDIUM,ACTIVE,2,HIGH
S&-SEC-B01-007,S&T,Axle Counter,Demo Division,SEC-B01,Badnera–Akola,174.073,MEDIUM,ACTIVE,5,HIGH
S&-SEC-B01-008,S&T,Cable,Demo Division,SEC-B01,Badnera–Akola,200.997,MEDIUM,ACTIVE,1,HIGH
S&-SEC-B01-009,S&T,Track Circuit,Demo Division,SEC-B01,Badnera–Akola,179.75,MEDIUM,ACTIVE,11,MEDIUM
S&-SEC-B01-010,S&T,Signal,Demo Division,SEC-B01,Badnera–Akola,230.725,MEDIUM,ACTIVE,8,MEDIUM
S&-SEC-B01-011,S&T,Relay,Demo Division,SEC-B01,Badnera–Akola,184.014,MEDIUM,ACTIVE,5,MEDIUM
S&-SEC-B01-012,S&T,Signal,Demo Division,SEC-B01,Badnera–Akola,226.282,MEDIUM,UNDER_MAINTENANCE,8,HIGH
S&-SEC-B01-013,S&T,Track Circuit,Demo Division,SEC-B01,Badnera–Akola,209.365,MEDIUM,ACTIVE,3,HIGH
S&-SEC-B01-014,S&T,Electronic Interlocking,Demo Division,SEC-B01,Badnera–Akola,203.517,MEDIUM,ACTIVE,2,HIGH
S&-SEC-B01-015,S&T,Signal,Demo Division,SEC-B01,Badnera–Akola,203.099,MEDIUM,UNDER_MAINTENANCE,10,LOW
S&-SEC-B01-016,S&T,Electronic Interlocking,Demo Division,SEC-B01,Badnera–Akola,208.397,MEDIUM,UNDER_MAINTENANCE,8,MEDIUM
S&-SEC-B01-017,S&T,Axle Counter,Demo Division,SEC-B01,Badnera–Akola,229.623,MEDIUM,UNDER_MAINTENANCE,5,LOW
S&-SEC-B01-018,S&T,Track Circuit,Demo Division,SEC-B01,Badnera–Akola,159.388,MEDIUM,ACTIVE,13,HIGH
S&-SEC-B01-019,S&T,Cable,Demo Division,SEC-B01,Badnera–Akola,172.628,MEDIUM,ACTIVE,3,HIGH
S&-SEC-B01-020,S&T,Point Machine,Demo Division,SEC-B01,Badnera–Akola,202.565,MEDIUM,ACTIVE,1,MEDIUM
EN-SEC-B02-001,ENGINEERING,Ballast,Demo Division,SEC-B02,Akola–Bhusawal,305.384,MEDIUM,UNDER_MAINTENANCE,5,HIGH
EN-SEC-B02-002,ENGINEERING,Weld,Demo Division,SEC-B02,Akola–Bhusawal,268.548,MEDIUM,ACTIVE,12,MEDIUM
EN-SEC-B02-003,ENGINEERING,Rail,Demo Division,SEC-B02,Akola–Bhusawal,305.202,MEDIUM,ACTIVE,13,LOW
EN-SEC-B02-004,ENGINEERING,Turnout,Demo Division,SEC-B02,Akola–Bhusawal,302.797,MEDIUM,ACTIVE,7,HIGH
EN-SEC-B02-005,ENGINEERING,Turnout,Demo Division,SEC-B02,Akola–Bhusawal,262.738,MEDIUM,ACTIVE,15,MEDIUM
EN-SEC-B02-006,ENGINEERING,Bridge Approach,Demo Division,SEC-B02,Akola–Bhusawal,255.157,MEDIUM,ACTIVE,3,MEDIUM
EN-SEC-B02-007,ENGINEERING,Turnout,Demo Division,SEC-B02,Akola–Bhusawal,310.854,MEDIUM,ACTIVE,8,HIGH
EN-SEC-B02-008,ENGINEERING,Ballast,Demo Division,SEC-B02,Akola–Bhusawal,305.321,MEDIUM,UNDER_MAINTENANCE,5,LOW
EN-SEC-B02-009,ENGINEERING,Turnout,Demo Division,SEC-B02,Akola–Bhusawal,287.43,MEDIUM,ACTIVE,10,HIGH
EN-SEC-B02-010,ENGINEERING,Ballast,Demo Division,SEC-B02,Akola–Bhusawal,309.53,MEDIUM,ACTIVE,1,HIGH
EN-SEC-B02-011,ENGINEERING,Weld,Demo Division,SEC-B02,Akola–Bhusawal,330.403,MEDIUM,ACTIVE,13,LOW
EN-SEC-B02-012,ENGINEERING,Bridge Approach,Demo Division,SEC-B02,Akola–Bhusawal,266.841,MEDIUM,ACTIVE,13,HIGH
EN-SEC-B02-013,ENGINEERING,Ballast,Demo Division,SEC-B02,Akola–Bhusawal,289.741,MEDIUM,UNDER_MAINTENANCE,15,MEDIUM
EN-SEC-B02-014,ENGINEERING,Weld,Demo Division,SEC-B02,Akola–Bhusawal,333.62,MEDIUM,UNDER_MAINTENANCE,11,MEDIUM
EN-SEC-B02-015,ENGINEERING,Rail,Demo Division,SEC-B02,Akola–Bhusawal,285.247,MEDIUM,UNDER_MAINTENANCE,6,MEDIUM
EN-SEC-B02-016,ENGINEERING,Track Circuit Bond,Demo Division,SEC-B02,Akola–Bhusawal,251.702,MEDIUM,ACTIVE,6,MEDIUM
EN-SEC-B02-017,ENGINEERING,Track Circuit Bond,Demo Division,SEC-B02,Akola–Bhusawal,287.584,MEDIUM,UNDER_MAINTENANCE,14,LOW
EN-SEC-B02-018,ENGINEERING,Rail,Demo Division,SEC-B02,Akola–Bhusawal,283.853,MEDIUM,ACTIVE,5,MEDIUM
EN-SEC-B02-019,ENGINEERING,Rail,Demo Division,SEC-B02,Akola–Bhusawal,331.163,MEDIUM,UNDER_MAINTENANCE,14,LOW
EN-SEC-B02-020,ENGINEERING,Bridge Approach,Demo Division,SEC-B02,Akola–Bhusawal,332.809,MEDIUM,UNDER_MAINTENANCE,7,HIGH
TR-SEC-B02-001,TRACTION,Catenary Wire,Demo Division,SEC-B02,Akola–Bhusawal,289.693,MEDIUM,UNDER_MAINTENANCE,11,MEDIUM
TR-SEC-B02-002,TRACTION,Neutral Section,Demo Division,SEC-B02,Akola–Bhusawal,246.838,MEDIUM,ACTIVE,9,HIGH
TR-SEC-B02-003,TRACTION,Section Insulator,Demo Division,SEC-B02,Akola–Bhusawal,282.319,MEDIUM,UNDER_MAINTENANCE,2,HIGH
TR-SEC-B02-004,TRACTION,Feeder,Demo Division,SEC-B02,Akola–Bhusawal,297.994,MEDIUM,ACTIVE,12,HIGH
TR-SEC-B02-005,TRACTION,Section Insulator,Demo Division,SEC-B02,Akola–Bhusawal,292.667,MEDIUM,UNDER_MAINTENANCE,2,HIGH
TR-SEC-B02-006,TRACTION,Neutral Section,Demo Division,SEC-B02,Akola–Bhusawal,325.907,MEDIUM,UNDER_MAINTENANCE,2,LOW
TR-SEC-B02-007,TRACTION,Neutral Section,Demo Division,SEC-B02,Akola–Bhusawal,256.235,MEDIUM,ACTIVE,9,LOW
TR-SEC-B02-008,TRACTION,Section Insulator,Demo Division,SEC-B02,Akola–Bhusawal,280.242,MEDIUM,UNDER_MAINTENANCE,8,HIGH
TR-SEC-B02-009,TRACTION,Mast,Demo Division,SEC-B02,Akola–Bhusawal,292.706,MEDIUM,UNDER_MAINTENANCE,4,LOW
TR-SEC-B02-010,TRACTION,Dropper,Demo Division,SEC-B02,Akola–Bhusawal,310.61,MEDIUM,ACTIVE,14,HIGH
TR-SEC-B02-011,TRACTION,Section Insulator,Demo Division,SEC-B02,Akola–Bhusawal,313.032,MEDIUM,UNDER_MAINTENANCE,6,LOW
TR-SEC-B02-012,TRACTION,Section Insulator,Demo Division,SEC-B02,Akola–Bhusawal,317.426,MEDIUM,ACTIVE,12,MEDIUM
TR-SEC-B02-013,TRACTION,Neutral Section,Demo Division,SEC-B02,Akola–Bhusawal,295.981,MEDIUM,UNDER_MAINTENANCE,14,HIGH
TR-SEC-B02-014,TRACTION,Mast,Demo Division,SEC-B02,Akola–Bhusawal,291.542,MEDIUM,ACTIVE,6,LOW
TR-SEC-B02-015,TRACTION,Neutral Section,Demo Division,SEC-B02,Akola–Bhusawal,291.987,MEDIUM,UNDER_MAINTENANCE,15,MEDIUM
TR-SEC-B02-016,TRACTION,Neutral Section,Demo Division,SEC-B02,Akola–Bhusawal,259.418,MEDIUM,ACTIVE,10,MEDIUM
TR-SEC-B02-017,TRACTION,Catenary Wire,Demo Division,SEC-B02,Akola–Bhusawal,320.682,MEDIUM,UNDER_MAINTENANCE,1,MEDIUM
TR-SEC-B02-018,TRACTION,Feeder,Demo Division,SEC-B02,Akola–Bhusawal,285.519,MEDIUM,UNDER_MAINTENANCE,7,LOW
TR-SEC-B02-019,TRACTION,Neutral Section,Demo Division,SEC-B02,Akola–Bhusawal,317.445,MEDIUM,ACTIVE,8,HIGH
TR-SEC-B02-020,TRACTION,Catenary Wire,Demo Division,SEC-B02,Akola–Bhusawal,288.21,MEDIUM,ACTIVE,14,HIGH
S&-SEC-B02-001,S&T,Electronic Interlocking,Demo Division,SEC-B02,Akola–Bhusawal,319.675,MEDIUM,ACTIVE,9,MEDIUM
S&-SEC-B02-002,S&T,Signal,Demo Division,SEC-B02,Akola–Bhusawal,308.42,MEDIUM,UNDER_MAINTENANCE,14,LOW
S&-SEC-B02-003,S&T,Point Machine,Demo Division,SEC-B02,Akola–Bhusawal,248.969,MEDIUM,ACTIVE,6,LOW
S&-SEC-B02-004,S&T,Cable,Demo Division,SEC-B02,Akola–Bhusawal,278.589,MEDIUM,ACTIVE,14,MEDIUM
S&-SEC-B02-005,S&T,Electronic Interlocking,Demo Division,SEC-B02,Akola–Bhusawal,304.006,MEDIUM,UNDER_MAINTENANCE,6,LOW
S&-SEC-B02-006,S&T,Cable,Demo Division,SEC-B02,Akola–Bhusawal,323.567,MEDIUM,UNDER_MAINTENANCE,14,LOW
S&-SEC-B02-007,S&T,Signal,Demo Division,SEC-B02,Akola–Bhusawal,298.783,MEDIUM,ACTIVE,11,LOW
S&-SEC-B02-008,S&T,Axle Counter,Demo Division,SEC-B02,Akola–Bhusawal,333.664,MEDIUM,ACTIVE,7,HIGH
S&-SEC-B02-009,S&T,Electronic Interlocking,Demo Division,SEC-B02,Akola–Bhusawal,300.278,MEDIUM,ACTIVE,8,HIGH
S&-SEC-B02-010,S&T,Cable,Demo Division,SEC-B02,Akola–Bhusawal,269.591,MEDIUM,ACTIVE,1,MEDIUM
S&-SEC-B02-011,S&T,Electronic Interlocking,Demo Division,SEC-B02,Akola–Bhusawal,247.252,MEDIUM,ACTIVE,6,MEDIUM
S&-SEC-B02-012,S&T,Point Machine,Demo Division,SEC-B02,Akola–Bhusawal,264.517,MEDIUM,UNDER_MAINTENANCE,10,LOW
S&-SEC-B02-013,S&T,Electronic Interlocking,Demo Division,SEC-B02,Akola–Bhusawal,258.629,MEDIUM,ACTIVE,2,LOW
S&-SEC-B02-014,S&T,Electronic Interlocking,Demo Division,SEC-B02,Akola–Bhusawal,277.218,MEDIUM,ACTIVE,8,LOW
S&-SEC-B02-015,S&T,Point Machine,Demo Division,SEC-B02,Akola–Bhusawal,263.415,MEDIUM,ACTIVE,8,MEDIUM
S&-SEC-B02-016,S&T,Cable,Demo Division,SEC-B02,Akola–Bhusawal,242.963,MEDIUM,UNDER_MAINTENANCE,15,MEDIUM
S&-SEC-B02-017,S&T,Cable,Demo Division,SEC-B02,Akola–Bhusawal,292.278,MEDIUM,ACTIVE,8,MEDIUM
S&-SEC-B02-018,S&T,Track Circuit,Demo Division,SEC-B02,Akola–Bhusawal,269.562,MEDIUM,UNDER_MAINTENANCE,12,MEDIUM
S&-SEC-B02-019,S&T,Relay,Demo Division,SEC-B02,Akola–Bhusawal,319.699,MEDIUM,ACTIVE,7,MEDIUM
S&-SEC-B02-020,S&T,Signal,Demo Division,SEC-B02,Akola–Bhusawal,263.875,MEDIUM,ACTIVE,10,MEDIUM
EN-SEC-C01-001,ENGINEERING,Track Circuit Bond,Demo Division,SEC-C01,Bhusawal–Jalgaon,349.983,LOW,UNDER_MAINTENANCE,5,HIGH
EN-SEC-C01-002,ENGINEERING,Turnout,Demo Division,SEC-C01,Bhusawal–Jalgaon,380.641,LOW,ACTIVE,15,LOW
EN-SEC-C01-003,ENGINEERING,Track Circuit Bond,Demo Division,SEC-C01,Bhusawal–Jalgaon,360.824,LOW,ACTIVE,13,HIGH
EN-SEC-C01-004,ENGINEERING,Turnout,Demo Division,SEC-C01,Bhusawal–Jalgaon,377.244,LOW,ACTIVE,11,HIGH
EN-SEC-C01-005,ENGINEERING,Turnout,Demo Division,SEC-C01,Bhusawal–Jalgaon,347.584,LOW,ACTIVE,11,HIGH
EN-SEC-C01-006,ENGINEERING,Track Circuit Bond,Demo Division,SEC-C01,Bhusawal–Jalgaon,368.873,LOW,ACTIVE,13,MEDIUM
EN-SEC-C01-007,ENGINEERING,Rail,Demo Division,SEC-C01,Bhusawal–Jalgaon,365.281,LOW,ACTIVE,2,MEDIUM
EN-SEC-C01-008,ENGINEERING,Sleeper,Demo Division,SEC-C01,Bhusawal–Jalgaon,374.314,LOW,ACTIVE,4,HIGH
EN-SEC-C01-009,ENGINEERING,Bridge Approach,Demo Division,SEC-C01,Bhusawal–Jalgaon,363.12,LOW,ACTIVE,9,LOW
EN-SEC-C01-010,ENGINEERING,Sleeper,Demo Division,SEC-C01,Bhusawal–Jalgaon,378.779,LOW,ACTIVE,15,MEDIUM
EN-SEC-C01-011,ENGINEERING,Bridge Approach,Demo Division,SEC-C01,Bhusawal–Jalgaon,349.979,LOW,ACTIVE,13,HIGH
EN-SEC-C01-012,ENGINEERING,Ballast,Demo Division,SEC-C01,Bhusawal–Jalgaon,385.904,LOW,ACTIVE,13,HIGH
EN-SEC-C01-013,ENGINEERING,Bridge Approach,Demo Division,SEC-C01,Bhusawal–Jalgaon,370.486,LOW,UNDER_MAINTENANCE,14,LOW
EN-SEC-C01-014,ENGINEERING,Sleeper,Demo Division,SEC-C01,Bhusawal–Jalgaon,338.958,LOW,UNDER_MAINTENANCE,1,MEDIUM
EN-SEC-C01-015,ENGINEERING,Turnout,Demo Division,SEC-C01,Bhusawal–Jalgaon,340.749,LOW,ACTIVE,11,LOW
EN-SEC-C01-016,ENGINEERING,Track Circuit Bond,Demo Division,SEC-C01,Bhusawal–Jalgaon,348.204,LOW,UNDER_MAINTENANCE,14,LOW
EN-SEC-C01-017,ENGINEERING,Sleeper,Demo Division,SEC-C01,Bhusawal–Jalgaon,339.929,LOW,ACTIVE,8,HIGH
EN-SEC-C01-018,ENGINEERING,Turnout,Demo Division,SEC-C01,Bhusawal–Jalgaon,381.672,LOW,ACTIVE,15,LOW
EN-SEC-C01-019,ENGINEERING,Weld,Demo Division,SEC-C01,Bhusawal–Jalgaon,368.944,LOW,UNDER_MAINTENANCE,15,LOW
EN-SEC-C01-020,ENGINEERING,Sleeper,Demo Division,SEC-C01,Bhusawal–Jalgaon,369.029,LOW,ACTIVE,3,HIGH
TR-SEC-C01-001,TRACTION,OHE Contact Wire,Demo Division,SEC-C01,Bhusawal–Jalgaon,350.475,LOW,UNDER_MAINTENANCE,2,HIGH
TR-SEC-C01-002,TRACTION,Catenary Wire,Demo Division,SEC-C01,Bhusawal–Jalgaon,381.835,LOW,ACTIVE,7,MEDIUM
TR-SEC-C01-003,TRACTION,Section Insulator,Demo Division,SEC-C01,Bhusawal–Jalgaon,370.172,LOW,UNDER_MAINTENANCE,10,LOW
TR-SEC-C01-004,TRACTION,Feeder,Demo Division,SEC-C01,Bhusawal–Jalgaon,342.413,LOW,UNDER_MAINTENANCE,11,HIGH
TR-SEC-C01-005,TRACTION,Neutral Section,Demo Division,SEC-C01,Bhusawal–Jalgaon,360.427,LOW,UNDER_MAINTENANCE,5,HIGH
TR-SEC-C01-006,TRACTION,Feeder,Demo Division,SEC-C01,Bhusawal–Jalgaon,354.035,LOW,UNDER_MAINTENANCE,8,HIGH
TR-SEC-C01-007,TRACTION,Neutral Section,Demo Division,SEC-C01,Bhusawal–Jalgaon,353.613,LOW,ACTIVE,9,LOW
TR-SEC-C01-008,TRACTION,Section Insulator,Demo Division,SEC-C01,Bhusawal–Jalgaon,337.358,LOW,ACTIVE,4,HIGH
TR-SEC-C01-009,TRACTION,Neutral Section,Demo Division,SEC-C01,Bhusawal–Jalgaon,378.441,LOW,ACTIVE,11,HIGH
TR-SEC-C01-010,TRACTION,Feeder,Demo Division,SEC-C01,Bhusawal–Jalgaon,368.505,LOW,ACTIVE,1,MEDIUM
TR-SEC-C01-011,TRACTION,Catenary Wire,Demo Division,SEC-C01,Bhusawal–Jalgaon,387.299,LOW,ACTIVE,2,LOW
TR-SEC-C01-012,TRACTION,Catenary Wire,Demo Division,SEC-C01,Bhusawal–Jalgaon,365.647,LOW,ACTIVE,6,HIGH
TR-SEC-C01-013,TRACTION,Neutral Section,Demo Division,SEC-C01,Bhusawal–Jalgaon,382.549,LOW,ACTIVE,5,HIGH
TR-SEC-C01-014,TRACTION,Catenary Wire,Demo Division,SEC-C01,Bhusawal–Jalgaon,363.164,LOW,ACTIVE,2,LOW
TR-SEC-C01-015,TRACTION,Neutral Section,Demo Division,SEC-C01,Bhusawal–Jalgaon,335.487,LOW,ACTIVE,6,HIGH
TR-SEC-C01-016,TRACTION,Dropper,Demo Division,SEC-C01,Bhusawal–Jalgaon,351.519,LOW,ACTIVE,5,HIGH
TR-SEC-C01-017,TRACTION,Catenary Wire,Demo Division,SEC-C01,Bhusawal–Jalgaon,374.004,LOW,ACTIVE,12,HIGH
TR-SEC-C01-018,TRACTION,Mast,Demo Division,SEC-C01,Bhusawal–Jalgaon,358.217,LOW,ACTIVE,9,LOW
TR-SEC-C01-019,TRACTION,OHE Contact Wire,Demo Division,SEC-C01,Bhusawal–Jalgaon,358.418,LOW,ACTIVE,10,HIGH
TR-SEC-C01-020,TRACTION,Feeder,Demo Division,SEC-C01,Bhusawal–Jalgaon,376.238,LOW,ACTIVE,8,LOW
S&-SEC-C01-001,S&T,Signal,Demo Division,SEC-C01,Bhusawal–Jalgaon,337.372,LOW,UNDER_MAINTENANCE,14,MEDIUM
S&-SEC-C01-002,S&T,Relay,Demo Division,SEC-C01,Bhusawal–Jalgaon,371.012,LOW,UNDER_MAINTENANCE,12,MEDIUM
S&-SEC-C01-003,S&T,Signal,Demo Division,SEC-C01,Bhusawal–Jalgaon,382.481,LOW,ACTIVE,10,HIGH
S&-SEC-C01-004,S&T,Signal,Demo Division,SEC-C01,Bhusawal–Jalgaon,340.889,LOW,ACTIVE,7,LOW
S&-SEC-C01-005,S&T,Track Circuit,Demo Division,SEC-C01,Bhusawal–Jalgaon,349.965,LOW,UNDER_MAINTENANCE,2,LOW
S&-SEC-C01-006,S&T,Signal,Demo Division,SEC-C01,Bhusawal–Jalgaon,379.98,LOW,ACTIVE,7,MEDIUM
S&-SEC-C01-007,S&T,Point Machine,Demo Division,SEC-C01,Bhusawal–Jalgaon,356.363,LOW,UNDER_MAINTENANCE,7,MEDIUM
S&-SEC-C01-008,S&T,Cable,Demo Division,SEC-C01,Bhusawal–Jalgaon,339.216,LOW,UNDER_MAINTENANCE,6,LOW
S&-SEC-C01-009,S&T,Axle Counter,Demo Division,SEC-C01,Bhusawal–Jalgaon,354.237,LOW,ACTIVE,11,MEDIUM
S&-SEC-C01-010,S&T,Signal,Demo Division,SEC-C01,Bhusawal–Jalgaon,339.008,LOW,ACTIVE,2,MEDIUM
S&-SEC-C01-011,S&T,Signal,Demo Division,SEC-C01,Bhusawal–Jalgaon,374.159,LOW,ACTIVE,13,HIGH
S&-SEC-C01-012,S&T,Track Circuit,Demo Division,SEC-C01,Bhusawal–Jalgaon,337.327,LOW,ACTIVE,11,HIGH
S&-SEC-C01-013,S&T,Relay,Demo Division,SEC-C01,Bhusawal–Jalgaon,353.124,LOW,UNDER_MAINTENANCE,14,LOW
S&-SEC-C01-014,S&T,Signal,Demo Division,SEC-C01,Bhusawal–Jalgaon,386.2,LOW,ACTIVE,6,HIGH
S&-SEC-C01-015,S&T,Track Circuit,Demo Division,SEC-C01,Bhusawal–Jalgaon,361.399,LOW,ACTIVE,11,MEDIUM
S&-SEC-C01-016,S&T,Point Machine,Demo Division,SEC-C01,Bhusawal–Jalgaon,379.683,LOW,ACTIVE,14,LOW
S&-SEC-C01-017,S&T,Axle Counter,Demo Division,SEC-C01,Bhusawal–Jalgaon,340.281,LOW,ACTIVE,10,HIGH
S&-SEC-C01-018,S&T,Electronic Interlocking,Demo Division,SEC-C01,Bhusawal–Jalgaon,357.186,LOW,ACTIVE,10,LOW
S&-SEC-C01-019,S&T,Electronic Interlocking,Demo Division,SEC-C01,Bhusawal–Jalgaon,371.409,LOW,ACTIVE,3,MEDIUM
S&-SEC-C01-020,S&T,Cable,Demo Division,SEC-C01,Bhusawal–Jalgaon,375.118,LOW,ACTIVE,6,HIGH
