audit_id,event_time,actor,action,entity_id,details
AUD-0001,2026-09-16 03:00:00,planner.demo,PLAN_GENERATED,WO-TMS-2026-0001,System demo audit event
AUD-0002,2026-09-15 01:00:00,planner.demo,WORK_UPDATED,WO-TMS-2026-0002,System demo audit event
AUD-0003,2026-09-15 03:00:00,planner.demo,PLAN_GENERATED,WO-TMS-2026-0003,System demo audit event
AUD-0004,2026-09-16 02:00:00,planner.demo,WORK_UPDATED,WO-TMS-2026-0004,System demo audit event
AUD-0005,2026-09-10 01:00:00,planner.demo,EVIDENCE_UPLOADED,WO-TMS-2026-0005,System demo audit event
AUD-0006,2026-09-11 04:00:00,planner.demo,WORK_UPDATED,WO-TMS-2026-0006,System demo audit event
AUD-0007,2026-09-16 03:00:00,planner.demo,PLAN_GENERATED,WO-TMS-2026-0007,System demo audit event
AUD-0008,2026-09-17 01:00:00,planner.demo,EVIDENCE_UPLOADED,WO-TMS-2026-0008,System demo audit event
AUD-0009,2026-09-07 02:00:00,planner.demo,WORK_UPDATED,WO-TMS-2026-0009,System demo audit event
AUD-0010,2026-09-13 03:00:00,planner.demo,WORK_UPDATED,WO-TMS-2026-0010,System demo audit event
AUD-0011,2026-09-08 02:00:00,planner.demo,EVIDENCE_UPLOADED,WO-TMS-2026-0011,System demo audit event
AUD-0012,2026-09-08 02:00:00,planner.demo,EVIDENCE_UPLOADED,WO-TMS-2026-0012,System demo audit event
AUD-0013,2026-09-07 01:00:00,planner.demo,WORK_UPDATED,WO-TMS-2026-0013,System demo audit event
AUD-0014,2026-09-07 03:00:00,planner.demo,EVIDENCE_UPLOADED,WO-TMS-2026-0014,System demo audit event
AUD-0015,2026-09-07 02:00:00,planner.demo,PRIORITY_CALCULATED,WO-TMS-2026-0015,System demo audit event
AUD-0016,2026-09-12 02:00:00,planner.demo,PLAN_GENERATED,WO-TMS-2026-0016,System demo audit event
AUD-0017,2026-09-12 04:00:00,planner.demo,EVIDENCE_UPLOADED,WO-TMS-2026-0017,System demo audit event
AUD-0018,2026-09-11 02:00:00,planner.demo,WORK_UPDATED,WO-TMS-2026-0018,System demo audit event
AUD-0019,2026-09-15 03:00:00,planner.demo,WORK_UPDATED,WO-TMS-2026-0019,System demo audit event
AUD-0020,2026-09-15 02:00:00,planner.demo,PLAN_GENERATED,WO-TMS-2026-0020,System demo audit event
AUD-0021,2026-09-07 01:00:00,planner.demo,PLAN_GENERATED,WO-TMS-2026-0021,System demo audit event
AUD-0022,2026-09-10 02:00:00,planner.demo,PRIORITY_CALCULATED,WO-TMS-2026-0022,System demo audit event
AUD-0023,2026-09-12 04:00:00,planner.demo,PLAN_GENERATED,WO-TMS-2026-0023,System demo audit event
AUD-0024,2026-09-11 03:00:00,planner.demo,PLAN_GENERATED,WO-TMS-2026-0024,System demo audit event
AUD-0025,2026-09-14 04:00:00,planner.demo,PRIORITY_CALCULATED,WO-TMS-2026-0025,System demo audit event
AUD-0026,2026-09-12 02:00:00,planner.demo,PLAN_GENERATED,WO-TMS-2026-0026,System demo audit event
AUD-0027,2026-09-15 01:00:00,planner.demo,PLAN_GENERATED,WO-TMS-2026-0027,System demo audit event
AUD-0028,2026-09-17 03:00:00,planner.demo,PLAN_GENERATED,WO-TMS-2026-0028,System demo audit event
AUD-0029,2026-09-11 04:00:00,planner.demo,EVIDENCE_UPLOADED,WO-TMS-2026-0029,System demo audit event
AUD-0030,2026-09-07 02:00:00,planner.demo,PRIORITY_CALCULATED,WO-TMS-2026-0030,System demo audit event
AUD-0031,2026-09-09 02:00:00,planner.demo,WORK_UPDATED,WO-TDMS-2026-0031,System demo audit event
AUD-0032,2026-09-12 03:00:00,planner.demo,PLAN_GENERATED,WO-TDMS-2026-0032,System demo audit event
AUD-0033,2026-09-07 03:00:00,planner.demo,PRIORITY_CALCULATED,WO-TDMS-2026-0033,System demo audit event
AUD-0034,2026-09-17 04:00:00,planner.demo,PLAN_GENERATED,WO-TDMS-2026-0034,System demo audit event
AUD-0035,2026-09-13 01:00:00,planner.demo,EVIDENCE_UPLOADED,WO-TDMS-2026-0035,System demo audit event
AUD-0036,2026-09-10 04:00:00,planner.demo,PLAN_GENERATED,WO-TDMS-2026-0036,System demo audit event
