defect_id,source_system,department,asset_id,asset_type,division,section_id,section_name,km_location,severity,safety_impact,reported_date,due_date,overdue_days,estimated_duration_minutes,block_requirement,traffic_density,asset_criticality,status,detection_source,evidence_reference,resolved_date,actual_duration_minutes,quality_outcome
TMS-2026-0001,TMS,ENGINEERING,EN-SEC-C01-001,Track Circuit Bond,Demo Division,SEC-C01,Bhusawal–Jalgaon,349.983,LOW,2,2026-06-04,2026-07-19,0,30,TRAFFIC_BLOCK,LOW,HIGH,RESOLVED,Visual inspection,EVD-H-TMS-2026-0001,2026-06-28,53,PASS
TMS-2026-0002,TMS,ENGINEERING,EN-SEC-C01-005,Turnout,Demo Division,SEC-C01,Bhusawal–Jalgaon,347.584,MEDIUM,3,2025-08-29,2025-09-19,0,60,TRAFFIC_BLOCK,LOW,HIGH,RESOLVED,USFD,EVD-H-TMS-2026-0002,2025-09-01,43,PASS
TMS-2026-0003,TMS,ENGINEERING,EN-SEC-A02-014,Weld,Demo Division,SEC-A02,Wardha–Badnera,98.744,LOW,2,2025-09-19,2025-11-03,0,45,TRAFFIC_BLOCK,HIGH,MEDIUM,RESOLVED,Condition monitoring,EVD-H-TMS-2026-0003,2025-10-04,51,PASS
TMS-2026-0004,TMS,ENGINEERING,EN-SEC-C01-002,Turnout,Demo Division,SEC-C01,Bhusawal–Jalgaon,380.641,LOW,2,2025-10-21,2025-12-05,0,30,TRAFFIC_BLOCK,LOW,LOW,RESOLVED,USFD,EVD-H-TMS-2026-0004,2025-11-07,62,PASS
TMS-2026-0005,TMS,ENGINEERING,EN-SEC-C01-014,Sleeper,Demo Division,SEC-C01,Bhusawal–Jalgaon,338.958,LOW,2,2026-04-25,2026-06-09,0,30,TRAFFIC_BLOCK,LOW,MEDIUM,RESOLVED,Routine patrol,EVD-H-TMS-2026-0005,2026-05-20,36,PASS
TMS-2026-0006,TMS,ENGINEERING,EN-SEC-A01-018,Track Circuit Bond,Demo Division,SEC-A01,Nagpur–Wardha,43.431,MEDIUM,3,2026-04-03,2026-04-24,0,60,TRAFFIC_BLOCK,HIGH,HIGH,RESOLVED,USFD,EVD-H-TMS-2026-0006,2026-04-20,75,PASS
TMS-2026-0007,TMS,ENGINEERING,EN-SEC-A02-017,Ballast,Demo Division,SEC-A02,Wardha–Badnera,140.965,LOW,2,2025-12-20,2026-02-03,0,30,TRAFFIC_BLOCK,HIGH,MEDIUM,RESOLVED,USFD,EVD-H-TMS-2026-0007,2026-01-08,45,OBSERVATION_RAISED
TMS-2026-0008,TMS,ENGINEERING,EN-SEC-C01-003,Track Circuit Bond,Demo Division,SEC-C01,Bhusawal–Jalgaon,360.824,MEDIUM,3,2026-05-20,2026-06-10,0,45,TRAFFIC_BLOCK,LOW,HIGH,RESOLVED,Field survey,EVD-H-TMS-2026-0008,2026-06-03,79,PASS
TMS-2026-0009,TMS,ENGINEERING,EN-SEC-B02-010,Ballast,Demo Division,SEC-B02,Akola–Bhusawal,309.53,MEDIUM,3,2026-01-15,2026-02-05,0,60,TRAFFIC_BLOCK,MEDIUM,HIGH,RESOLVED,Routine patrol,EVD-H-TMS-2026-0009,2026-02-09,50,PASS
TMS-2026-0010,TMS,ENGINEERING,EN-SEC-B02-006,Bridge Approach,Demo Division,SEC-B02,Akola–Bhusawal,255.157,MEDIUM,3,2026-03-24,2026-04-14,0,45,TRAFFIC_BLOCK,MEDIUM,MEDIUM,RESOLVED,Routine patrol,EVD-H-TMS-2026-0010,2026-03-28,34,PASS
TMS-2026-0011,TMS,ENGINEERING,EN-SEC-C01-013,Bridge Approach,Demo Division,SEC-C01,Bhusawal–Jalgaon,370.486,LOW,2,2025-09-27,2025-11-11,0,60,TRAFFIC_BLOCK,LOW,LOW,RESOLVED,USFD,EVD-H-TMS-2026-0011,2025-10-12,83,PASS
TMS-2026-0012,TMS,ENGINEERING,EN-SEC-A02-020,Rail,Demo Division,SEC-A02,Wardha–Badnera,83.803,HIGH,4,2026-02-19,2026-02-26,0,90,TRAFFIC_BLOCK,HIGH,HIGH,RESOLVED,Field survey,EVD-H-TMS-2026-0012,2026-03-10,73,PASS
TMS-2026-0013,TMS,ENGINEERING,EN-SEC-B01-017,Rail,Demo Division,SEC-B01,Badnera–Akola,222.692,MEDIUM,3,2026-06-01,2026-06-22,0,45,TRAFFIC_BLOCK,MEDIUM,HIGH,RESOLVED,Field survey,EVD-H-TMS-2026-0013,2026-06-22,80,PASS
TMS-2026-0014,TMS,ENGINEERING,EN-SEC-B01-013,Sleeper,Demo Division,SEC-B01,Badnera–Akola,187.385,MEDIUM,3,2025-11-09,2025-11-30,0,90,TRAFFIC_BLOCK,MEDIUM,MEDIUM,RESOLVED,Visual inspection,EVD-H-TMS-2026-0014,2025-11-28,111,PASS
TMS-2026-0015,TMS,ENGINEERING,EN-SEC-B01-012,Ballast,Demo Division,SEC-B01,Badnera–Akola,166.014,MEDIUM,3,2026-05-17,2026-06-07,0,45,TRAFFIC_BLOCK,MEDIUM,HIGH,RESOLVED,Field survey,EVD-H-TMS-2026-0015,2026-06-03,66,PASS
TMS-2026-0016,TMS,ENGINEERING,EN-SEC-A02-013,Sleeper,Demo Division,SEC-A02,Wardha–Badnera,86.849,LOW,2,2026-02-07,2026-03-24,0,60,TRAFFIC_BLOCK,HIGH,LOW,RESOLVED,Field survey,EVD-H-TMS-2026-0016,2026-02-20,66,PASS
TMS-2026-0017,TMS,ENGINEERING,EN-SEC-A02-012,Sleeper,Demo Division,SEC-A02,Wardha–Badnera,148.727,HIGH,4,2026-01-10,2026-01-17,0,120,TRAFFIC_BLOCK,HIGH,HIGH,RESOLVED,USFD,EVD-H-TMS-2026-0017,2026-01-20,116,PASS
TMS-2026-0018,TMS,ENGINEERING,EN-SEC-B01-005,Track Circuit Bond,Demo Division,SEC-B01,Badnera–Akola,155.815,MEDIUM,3,2025-09-19,2025-10-10,0,90,TRAFFIC_BLOCK,MEDIUM,HIGH,RESOLVED,Routine patrol,EVD-H-TMS-2026-0018,2025-10-12,75,PASS
TMS-2026-0019,TMS,ENGINEERING,EN-SEC-B02-019,Rail,Demo Division,SEC-B02,Akola–Bhusawal,331.163,MEDIUM,3,2026-05-22,2026-06-12,0,90,TRAFFIC_BLOCK,MEDIUM,LOW,RESOLVED,USFD,EVD-H-TMS-2026-0019,2026-06-12,112,OBSERVATION_RAISED
TMS-2026-0020,TMS,ENGINEERING,EN-SEC-A01-011,Rail,Demo Division,SEC-A01,Nagpur–Wardha,43.049,MEDIUM,3,2026-04-21,2026-05-12,0,45,TRAFFIC_BLOCK,HIGH,HIGH,RESOLVED,Condition monitoring,EVD-H-TMS-2026-0020,2026-04-29,33,PASS
TMS-2026-0021,TMS,ENGINEERING,EN-SEC-A01-003,Rail,Demo Division,SEC-A01,Nagpur–Wardha,2.418,LOW,2,2025-09-10,2025-10-25,0,60,TRAFFIC_BLOCK,HIGH,LOW,RESOLVED,Field survey,EVD-H-TMS-2026-0021,2025-09-15,78,OBSERVATION_RAISED
TMS-2026-0022,TMS,ENGINEERING,EN-SEC-B02-014,Weld,Demo Division,SEC-B02,Akola–Bhusawal,333.62,LOW,2,2026-01-13,2026-02-27,0,60,TRAFFIC_BLOCK,MEDIUM,MEDIUM,RESOLVED,Condition monitoring,EVD-H-TMS-2026-0022,2026-02-04,86,PASS
TMS-2026-0023,TMS,ENGINEERING,EN-SEC-C01-018,Turnout,Demo Division,SEC-C01,Bhusawal–Jalgaon,381.672,CRITICAL,5,2026-04-03,2026-04-04,0,150,TRAFFIC_BLOCK,LOW,LOW,RESOLVED,Condition monitoring,EVD-H-TMS-2026-0023,2026-04-15,173,OBSERVATION_RAISED
TMS-2026-0024,TMS,ENGINEERING,EN-SEC-B02-003,Rail,Demo Division,SEC-B02,Akola–Bhusawal,305.202,MEDIUM,3,2025-09-05,2025-09-26,0,90,TRAFFIC_BLOCK,MEDIUM,LOW,RESOLVED,Routine patrol,EVD-H-TMS-2026-0024,2025-09-10,125,PASS
TMS-2026-0025,TMS,ENGINEERING,EN-SEC-A01-020,Rail,Demo Division,SEC-A01,Nagpur–Wardha,16.514,LOW,2,2026-02-04,2026-03-21,0,60,TRAFFIC_BLOCK,HIGH,LOW,RESOLVED,Visual inspection,EVD-H-TMS-2026-0025,2026-02-07,88,PASS
TMS-2026-0026,TMS,ENGINEERING,EN-SEC-A02-016,Sleeper,Demo Division,SEC-A02,Wardha–Badnera,146.725,MEDIUM,3,2026-06-14,2026-07-05,0,45,TRAFFIC_BLOCK,HIGH,LOW,RESOLVED,Field survey,EVD-H-TMS-2026-0026,2026-06-28,28,OBSERVATION_RAISED
TMS-2026-0027,TMS,ENGINEERING,EN-SEC-C01-015,Turnout,Demo Division,SEC-C01,Bhusawal–Jalgaon,340.749,MEDIUM,3,2026-01-24,2026-02-14,0,60,TRAFFIC_BLOCK,LOW,LOW,RESOLVED,Visual inspection,EVD-H-TMS-2026-0027,2026-01-29,48,PASS
TMS-2026-0028,TMS,ENGINEERING,EN-SEC-A02-008,Turnout,Demo Division,SEC-A02,Wardha–Badnera,153.604,MEDIUM,3,2026-05-20,2026-06-10,0,90,TRAFFIC_BLOCK,HIGH,HIGH,RESOLVED,Visual inspection,EVD-H-TMS-2026-0028,2026-05-21,86,PASS
TMS-2026-0029,TMS,ENGINEERING,EN-SEC-B01-007,Turnout,Demo Division,SEC-B01,Badnera–Akola,219.732,HIGH,4,2026-02-23,2026-03-02,0,120,TRAFFIC_BLOCK,MEDIUM,HIGH,RESOLVED,Field survey,EVD-H-TMS-2026-0029,2026-03-05,107,PASS
TMS-2026-0030,TMS,ENGINEERING,EN-SEC-A02-019,Ballast,Demo Division,SEC-A02,Wardha–Badnera,119.917,MEDIUM,3,2025-09-09,2025-09-30,0,60,TRAFFIC_BLOCK,HIGH,HIGH,RESOLVED,USFD,EVD-H-TMS-2026-0030,2025-09-17,85,PASS
TDMS-2026-0031,TDMS,TRACTION,TR-SEC-C01-004,Feeder,Demo Division,SEC-C01,Bhusawal–Jalgaon,342.413,MEDIUM,3,2025-11-03,2025-11-24,0,45,POWER_AND_TRAFFIC_BLOCK,LOW,HIGH,RESOLVED,Visual inspection,EVD-H-TDMS-2026-0031,2025-11-15,29,PASS
TDMS-2026-0032,TDMS,TRACTION,TR-SEC-A02-011,Feeder,Demo Division,SEC-A02,Wardha–Badnera,92.739,MEDIUM,3,2025-12-29,2026-01-19,0,60,POWER_AND_TRAFFIC_BLOCK,HIGH,HIGH,RESOLVED,Visual inspection,EVD-H-TDMS-2026-0032,2026-01-01,62,PASS
TDMS-2026-0033,TDMS,TRACTION,TR-SEC-B01-017,Feeder,Demo Division,SEC-B01,Badnera–Akola,231.373,HIGH,4,2026-01-31,2026-02-07,0,120,POWER_AND_TRAFFIC_BLOCK,MEDIUM,HIGH,RESOLVED,Maintenance inspection,EVD-H-TDMS-2026-0033,2026-02-21,111,OBSERVATION_RAISED
TDMS-2026-0034,TDMS,TRACTION,TR-SEC-A02-005,Neutral Section,Demo Division,SEC-A02,Wardha–Badnera,90.418,CRITICAL,5,2026-06-11,2026-06-12,0,150,POWER_AND_TRAFFIC_BLOCK,HIGH,MEDIUM,RESOLVED,Condition monitoring,EVD-H-TDMS-2026-0034,2026-06-21,142,PASS
TDMS-2026-0035,TDMS,TRACTION,TR-SEC-A01-017,Mast,Demo Division,SEC-A01,Nagpur–Wardha,73.765,HIGH,4,2025-11-27,2025-12-04,0,90,POWER_AND_TRAFFIC_BLOCK,HIGH,LOW,RESOLVED,Maintenance inspection,EVD-H-TDMS-2026-0035,2025-12-06,72,PASS
TDMS-2026-0036,TDMS,TRACTION,TR-SEC-A02-004,Neutral Section,Demo Division,SEC-A02,Wardha–Badnera,108.903,MEDIUM,3,2026-01-03,2026-01-24,0,60,POWER_AND_TRAFFIC_BLOCK,HIGH,HIGH,RESOLVED,Condition monitoring,EVD-H-TDMS-2026-0036,2026-01-27,68,OBSERVATION_RAISED
TDMS-2026-0037,TDMS,TRACTION,TR-SEC-A01-003,Mast,Demo Division,SEC-A01,Nagpur–Wardha,69.951,MEDIUM,3,2026-03-04,2026-03-25,0,60,POWER_AND_TRAFFIC_BLOCK,HIGH,HIGH,RESOLVED,Maintenance inspection,EVD-H-TDMS-2026-0037,2026-03-07,86,OBSERVATION_RAISED
TDMS-2026-0038,TDMS,TRACTION,TR-SEC-A02-008,Neutral Section,Demo Division,SEC-A02,Wardha–Badnera,131.257,LOW,2,2026-02-12,2026-03-29,0,30,POWER_AND_TRAFFIC_BLOCK,HIGH,HIGH,RESOLVED,Field survey,EVD-H-TDMS-2026-0038,2026-02-27,58,OBSERVATION_RAISED
TDMS-2026-0039,TDMS,TRACTION,TR-SEC-A02-009,Neutral Section,Demo Division,SEC-A02,Wardha–Badnera,113.778,LOW,2,2025-08-21,2025-10-05,0,60,POWER_AND_TRAFFIC_BLOCK,HIGH,MEDIUM,RESOLVED,Field survey,EVD-H-TDMS-2026-0039,2025-09-04,57,PASS
TDMS-2026-0040,TDMS,TRACTION,TR-SEC-A01-014,Mast,Demo Division,SEC-A01,Nagpur–Wardha,1.615,LOW,2,2026-04-22,2026-06-06,0,60,POWER_AND_TRAFFIC_BLOCK,HIGH,MEDIUM,RESOLVED,Visual inspection,EVD-H-TDMS-2026-0040,2026-05-12,83,OBSERVATION_RAISED
TDMS-2026-0041,TDMS,TRACTION,TR-SEC-C01-020,Feeder,Demo Division,SEC-C01,Bhusawal–Jalgaon,376.238,LOW,2,2026-07-09,2026-08-23,0,45,POWER_AND_TRAFFIC_BLOCK,LOW,LOW,RESOLVED,Maintenance inspection,EVD-H-TDMS-2026-0041,2026-07-29,34,OBSERVATION_RAISED
TDMS-2026-0042,TDMS,TRACTION,TR-SEC-C01-013,Neutral Section,Demo Division,SEC-C01,Bhusawal–Jalgaon,382.549,CRITICAL,5,2026-01-27,2026-01-28,0,120,POWER_AND_TRAFFIC_BLOCK,LOW,HIGH,RESOLVED,Condition monitoring,EVD-H-TDMS-2026-0042,2026-02-17,117,PASS
TDMS-2026-0043,TDMS,TRACTION,TR-SEC-B02-017,Catenary Wire,Demo Division,SEC-B02,Akola–Bhusawal,320.682,CRITICAL,5,2026-05-29,2026-05-30,0,150,POWER_AND_TRAFFIC_BLOCK,MEDIUM,MEDIUM,RESOLVED,Maintenance inspection,EVD-H-TDMS-2026-0043,2026-06-07,179,PASS
TDMS-2026-0044,TDMS,TRACTION,TR-SEC-A01-015,Catenary Wire,Demo Division,SEC-A01,Nagpur–Wardha,4.607,HIGH,4,2026-06-09,2026-06-16,0,90,POWER_AND_TRAFFIC_BLOCK,HIGH,LOW,RESOLVED,Routine patrol,EVD-H-TDMS-2026-0044,2026-06-24,81,OBSERVATION_RAISED
TDMS-2026-0045,TDMS,TRACTION,TR-SEC-A01-001,Mast,Demo Division,SEC-A01,Nagpur–Wardha,30.88,CRITICAL,5,2026-02-06,2026-02-07,0,150,POWER_AND_TRAFFIC_BLOCK,HIGH,MEDIUM,RESOLVED,Field survey,EVD-H-TDMS-2026-0045,2026-02-12,175,PASS
TDMS-2026-0046,TDMS,TRACTION,TR-SEC-A02-002,OHE Contact Wire,Demo Division,SEC-A02,Wardha–Badnera,101.466,HIGH,4,2026-06-14,2026-06-21,0,60,POWER_AND_TRAFFIC_BLOCK,HIGH,MEDIUM,RESOLVED,Condition monitoring,EVD-H-TDMS-2026-0046,2026-06-26,75,PASS
TDMS-2026-0047,TDMS,TRACTION,TR-SEC-A01-004,Catenary Wire,Demo Division,SEC-A01,Nagpur–Wardha,39.741,MEDIUM,3,2025-09-28,2025-10-19,0,45,POWER_AND_TRAFFIC_BLOCK,HIGH,HIGH,RESOLVED,Condition monitoring,EVD-H-TDMS-2026-0047,2025-10-12,74,OBSERVATION_RAISED
TDMS-2026-0048,TDMS,TRACTION,TR-SEC-A02-010,Section Insulator,Demo Division,SEC-A02,Wardha–Badnera,101.233,HIGH,4,2026-01-30,2026-02-06,0,90,POWER_AND_TRAFFIC_BLOCK,HIGH,HIGH,RESOLVED,Maintenance inspection,EVD-H-TDMS-2026-0048,2026-02-04,123,PASS
TDMS-2026-0049,TDMS,TRACTION,TR-SEC-B02-002,Neutral Section,Demo Division,SEC-B02,Akola–Bhusawal,246.838,HIGH,4,2026-04-28,2026-05-05,0,120,POWER_AND_TRAFFIC_BLOCK,MEDIUM,HIGH,RESOLVED,Field survey,EVD-H-TDMS-2026-0049,2026-05-04,120,PASS
TDMS-2026-0050,TDMS,TRACTION,TR-SEC-B02-020,Catenary Wire,Demo Division,SEC-B02,Akola–Bhusawal,288.21,MEDIUM,3,2026-02-06,2026-02-27,0,60,POWER_AND_TRAFFIC_BLOCK,MEDIUM,HIGH,RESOLVED,Maintenance inspection,EVD-H-TDMS-2026-0050,2026-02-11,80,PASS
TDMS-2026-0051,TDMS,TRACTION,TR-SEC-A02-016,Dropper,Demo Division,SEC-A02,Wardha–Badnera,86.866,MEDIUM,3,2026-04-28,2026-05-19,0,45,POWER_AND_TRAFFIC_BLOCK,HIGH,HIGH,RESOLVED,Routine patrol,EVD-H-TDMS-2026-0051,2026-05-20,64,PASS
TDMS-2026-0052,TDMS,TRACTION,TR-SEC-A01-012,Dropper,Demo Division,SEC-A01,Nagpur–Wardha,47.478,HIGH,4,2026-04-11,2026-04-18,0,60,POWER_AND_TRAFFIC_BLOCK,HIGH,HIGH,RESOLVED,Field survey,EVD-H-TDMS-2026-0052,2026-05-06,76,OBSERVATION_RAISED
TDMS-2026-0053,TDMS,TRACTION,TR-SEC-C01-005,Neutral Section,Demo Division,SEC-C01,Bhusawal–Jalgaon,360.427,MEDIUM,3,2025-11-23,2025-12-14,0,90,POWER_AND_TRAFFIC_BLOCK,LOW,HIGH,RESOLVED,Field survey,EVD-H-TDMS-2026-0053,2025-12-01,121,OBSERVATION_RAISED
TDMS-2026-0054,TDMS,TRACTION,TR-SEC-B01-005,Neutral Section,Demo Division,SEC-B01,Badnera–Akola,180.579,MEDIUM,3,2026-04-12,2026-05-03,0,45,POWER_AND_TRAFFIC_BLOCK,MEDIUM,LOW,RESOLVED,Condition monitoring,EVD-H-TDMS-2026-0054,2026-04-23,63,PASS
TDMS-2026-0055,TDMS,TRACTION,TR-SEC-B02-014,Mast,Demo Division,SEC-B02,Akola–Bhusawal,291.542,MEDIUM,3,2025-09-25,2025-10-16,0,60,POWER_AND_TRAFFIC_BLOCK,MEDIUM,LOW,RESOLVED,Maintenance inspection,EVD-H-TDMS-2026-0055,2025-09-29,60,PASS
TDMS-2026-0056,TDMS,TRACTION,TR-SEC-A01-006,Mast,Demo Division,SEC-A01,Nagpur–Wardha,46.501,MEDIUM,3,2025-08-31,2025-09-21,0,45,POWER_AND_TRAFFIC_BLOCK,HIGH,LOW,RESOLVED,Condition monitoring,EVD-H-TDMS-2026-0056,2025-09-14,40,PASS
TDMS-2026-0057,TDMS,TRACTION,TR-SEC-A02-006,OHE Contact Wire,Demo Division,SEC-A02,Wardha–Badnera,91.696,HIGH,4,2025-10-28,2025-11-04,0,60,POWER_AND_TRAFFIC_BLOCK,HIGH,MEDIUM,RESOLVED,Field survey,EVD-H-TDMS-2026-0057,2025-10-29,45,OBSERVATION_RAISED
TDMS-2026-0058,TDMS,TRACTION,TR-SEC-B02-018,Feeder,Demo Division,SEC-B02,Akola–Bhusawal,285.519,MEDIUM,3,2025-09-12,2025-10-03,0,60,POWER_AND_TRAFFIC_BLOCK,MEDIUM,LOW,RESOLVED,Condition monitoring,EVD-H-TDMS-2026-0058,2025-10-03,83,OBSERVATION_RAISED
TDMS-2026-0059,TDMS,TRACTION,TR-SEC-B02-015,Neutral Section,Demo Division,SEC-B02,Akola–Bhusawal,291.987,MEDIUM,3,2026-01-23,2026-02-13,0,45,POWER_AND_TRAFFIC_BLOCK,MEDIUM,MEDIUM,RESOLVED,Condition monitoring,EVD-H-TDMS-2026-0059,2026-01-25,50,PASS
TDMS-2026-0060,TDMS,TRACTION,TR-SEC-B02-003,Section Insulator,Demo Division,SEC-B02,Akola–Bhusawal,282.319,MEDIUM,3,2025-10-09,2025-10-30,0,60,POWER_AND_TRAFFIC_BLOCK,MEDIUM,HIGH,RESOLVED,Condition monitoring,EVD-H-TDMS-2026-0060,2025-10-18,92,PASS
SMMS-2026-0061,SMMS,S&T,S&-SEC-C01-014,Signal,Demo Division,SEC-C01,Bhusawal–Jalgaon,386.2,LOW,2,2025-09-18,2025-11-02,0,60,TRAFFIC_BLOCK,LOW,HIGH,RESOLVED,Routine patrol,EVD-H-SMMS-2026-0061,2025-10-05,65,PASS
SMMS-2026-0062,SMMS,S&T,S&-SEC-B02-008,Axle Counter,Demo Division,SEC-B02,Akola–Bhusawal,333.664,LOW,2,2026-05-11,2026-06-25,0,60,TRAFFIC_BLOCK,MEDIUM,HIGH,RESOLVED,Maintenance inspection,EVD-H-SMMS-2026-0062,2026-05-22,79,PASS
SMMS-2026-0063,SMMS,S&T,S&-SEC-A01-007,Electronic Interlocking,Demo Division,SEC-A01,Nagpur–Wardha,31.769,LOW,2,2025-11-09,2025-12-24,0,60,TRAFFIC_BLOCK,HIGH,LOW,RESOLVED,Field survey,EVD-H-SMMS-2026-0063,2025-11-10,63,PASS
SMMS-2026-0064,SMMS,S&T,S&-SEC-B02-005,Electronic Interlocking,Demo Division,SEC-B02,Akola–Bhusawal,304.006,HIGH,4,2025-09-10,2025-09-17,0,90,TRAFFIC_BLOCK,MEDIUM,LOW,RESOLVED,Field survey,EVD-H-SMMS-2026-0064,2025-09-29,84,PASS
SMMS-2026-0065,SMMS,S&T,S&-SEC-C01-017,Axle Counter,Demo Division,SEC-C01,Bhusawal–Jalgaon,340.281,MEDIUM,3,2026-07-03,2026-07-24,0,90,TRAFFIC_BLOCK,LOW,HIGH,RESOLVED,Routine patrol,EVD-H-SMMS-2026-0065,2026-07-22,114,PASS
SMMS-2026-0066,SMMS,S&T,S&-SEC-C01-004,Signal,Demo Division,SEC-C01,Bhusawal–Jalgaon,340.889,LOW,2,2025-11-02,2025-12-17,0,45,TRAFFIC_BLOCK,LOW,LOW,RESOLVED,Maintenance inspection,EVD-H-SMMS-2026-0066,2025-11-26,71,PASS
SMMS-2026-0067,SMMS,S&T,S&-SEC-C01-019,Electronic Interlocking,Demo Division,SEC-C01,Bhusawal–Jalgaon,371.409,HIGH,4,2025-11-03,2025-11-10,0,120,TRAFFIC_BLOCK,LOW,MEDIUM,RESOLVED,Routine patrol,EVD-H-SMMS-2026-0067,2025-11-21,121,PASS
SMMS-2026-0068,SMMS,S&T,S&-SEC-B01-003,Track Circuit,Demo Division,SEC-B01,Badnera–Akola,183.143,HIGH,4,2026-02-16,2026-02-23,0,90,SIGNALLING_AND_TRAFFIC_BLOCK,MEDIUM,MEDIUM,RESOLVED,Field survey,EVD-H-SMMS-2026-0068,2026-03-11,83,OBSERVATION_RAISED
SMMS-2026-0069,SMMS,S&T,S&-SEC-A02-006,Point Machine,Demo Division,SEC-A02,Wardha–Badnera,128.041,MEDIUM,3,2025-12-17,2026-01-07,0,60,SIGNALLING_AND_TRAFFIC_BLOCK,HIGH,LOW,RESOLVED,Condition monitoring,EVD-H-SMMS-2026-0069,2025-12-29,89,PASS
SMMS-2026-0070,SMMS,S&T,S&-SEC-A01-016,Electronic Interlocking,Demo Division,SEC-A01,Nagpur–Wardha,61.183,MEDIUM,3,2026-03-30,2026-04-20,0,60,TRAFFIC_BLOCK,HIGH,LOW,RESOLVED,Routine patrol,EVD-H-SMMS-2026-0070,2026-04-17,57,PASS
SMMS-2026-0071,SMMS,S&T,S&-SEC-B02-018,Track Circuit,Demo Division,SEC-B02,Akola–Bhusawal,269.562,LOW,2,2025-12-15,2026-01-29,0,60,SIGNALLING_AND_TRAFFIC_BLOCK,MEDIUM,MEDIUM,RESOLVED,Visual inspection,EVD-H-SMMS-2026-0071,2025-12-26,85,OBSERVATION_RAISED
SMMS-2026-0072,SMMS,S&T,S&-SEC-A01-010,Cable,Demo Division,SEC-A01,Nagpur–Wardha,26.498,LOW,2,2025-11-19,2026-01-03,0,45,TRAFFIC_BLOCK,HIGH,HIGH,RESOLVED,Condition monitoring,EVD-H-SMMS-2026-0072,2025-12-10,37,PASS
SMMS-2026-0073,SMMS,S&T,S&-SEC-B02-012,Point Machine,Demo Division,SEC-B02,Akola–Bhusawal,264.517,MEDIUM,3,2026-04-28,2026-05-19,0,90,TRAFFIC_BLOCK,MEDIUM,LOW,RESOLVED,Visual inspection,EVD-H-SMMS-2026-0073,2026-05-12,123,PASS
SMMS-2026-0074,SMMS,S&T,S&-SEC-C01-018,Electronic Interlocking,Demo Division,SEC-C01,Bhusawal–Jalgaon,357.186,CRITICAL,5,2026-07-23,2026-07-24,0,120,TRAFFIC_BLOCK,LOW,LOW,RESOLVED,Visual inspection,EVD-H-SMMS-2026-0074,2026-08-02,136,PASS
SMMS-2026-0075,SMMS,S&T,S&-SEC-A02-015,Electronic Interlocking,Demo Division,SEC-A02,Wardha–Badnera,113.32,CRITICAL,5,2025-10-23,2025-10-24,0,120,TRAFFIC_BLOCK,HIGH,MEDIUM,RESOLVED,Routine patrol,EVD-H-SMMS-2026-0075,2025-11-07,117,PASS
SMMS-2026-0076,SMMS,S&T,S&-SEC-B02-016,Cable,Demo Division,SEC-B02,Akola–Bhusawal,242.963,HIGH,4,2026-02-07,2026-02-14,0,120,SIGNALLING_AND_TRAFFIC_BLOCK,MEDIUM,MEDIUM,RESOLVED,Field survey,EVD-H-SMMS-2026-0076,2026-02-26,143,PASS
SMMS-2026-0077,SMMS,S&T,S&-SEC-C01-003,Signal,Demo Division,SEC-C01,Bhusawal–Jalgaon,382.481,LOW,2,2025-11-02,2025-12-17,0,30,TRAFFIC_BLOCK,LOW,HIGH,RESOLVED,Routine patrol,EVD-H-SMMS-2026-0077,2025-11-13,35,PASS
SMMS-2026-0078,SMMS,S&T,S&-SEC-A02-004,Point Machine,Demo Division,SEC-A02,Wardha–Badnera,110.686,MEDIUM,3,2026-01-11,2026-02-01,0,60,TRAFFIC_BLOCK,HIGH,MEDIUM,RESOLVED,Field survey,EVD-H-SMMS-2026-0078,2026-02-03,55,PASS
SMMS-2026-0079,SMMS,S&T,S&-SEC-B01-020,Point Machine,Demo Division,SEC-B01,Badnera–Akola,202.565,HIGH,4,2026-05-01,2026-05-08,0,60,TRAFFIC_BLOCK,MEDIUM,MEDIUM,RESOLVED,Field survey,EVD-H-SMMS-2026-0079,2026-05-22,58,PASS
SMMS-2026-0080,SMMS,S&T,S&-SEC-B01-006,Cable,Demo Division,SEC-B01,Badnera–Akola,196.613,MEDIUM,3,2025-10-07,2025-10-28,0,45,TRAFFIC_BLOCK,MEDIUM,HIGH,RESOLVED,Condition monitoring,EVD-H-SMMS-2026-0080,2025-10-23,73,PASS
SMMS-2026-0081,SMMS,S&T,S&-SEC-B02-014,Electronic Interlocking,Demo Division,SEC-B02,Akola–Bhusawal,277.218,HIGH,4,2026-06-23,2026-06-30,0,90,TRAFFIC_BLOCK,MEDIUM,LOW,RESOLVED,Visual inspection,EVD-H-SMMS-2026-0081,2026-07-11,102,PASS
SMMS-2026-0082,SMMS,S&T,S&-SEC-A01-013,Signal,Demo Division,SEC-A01,Nagpur–Wardha,4.036,MEDIUM,3,2025-11-12,2025-12-03,0,90,SIGNALLING_AND_TRAFFIC_BLOCK,HIGH,HIGH,RESOLVED,Maintenance inspection,EVD-H-SMMS-2026-0082,2025-11-15,102,OBSERVATION_RAISED
SMMS-2026-0083,SMMS,S&T,S&-SEC-A01-009,Signal,Demo Division,SEC-A01,Nagpur–Wardha,52.488,HIGH,4,2026-06-19,2026-06-26,0,120,TRAFFIC_BLOCK,HIGH,MEDIUM,RESOLVED,Field survey,EVD-H-SMMS-2026-0083,2026-07-02,116,PASS
SMMS-2026-0084,SMMS,S&T,S&-SEC-A01-005,Axle Counter,Demo Division,SEC-A01,Nagpur–Wardha,52.146,HIGH,4,2025-11-26,2025-12-03,0,90,SIGNALLING_AND_TRAFFIC_BLOCK,HIGH,HIGH,RESOLVED,Visual inspection,EVD-H-SMMS-2026-0084,2025-11-28,88,OBSERVATION_RAISED
SMMS-2026-0085,SMMS,S&T,S&-SEC-B02-020,Signal,Demo Division,SEC-B02,Akola–Bhusawal,263.875,LOW,2,2026-01-09,2026-02-23,0,45,TRAFFIC_BLOCK,MEDIUM,MEDIUM,RESOLVED,Condition monitoring,EVD-H-SMMS-2026-0085,2026-01-22,30,PASS
SMMS-2026-0086,SMMS,S&T,S&-SEC-C01-007,Point Machine,Demo Division,SEC-C01,Bhusawal–Jalgaon,356.363,HIGH,4,2026-07-06,2026-07-13,0,60,TRAFFIC_BLOCK,LOW,MEDIUM,RESOLVED,Routine patrol,EVD-H-SMMS-2026-0086,2026-07-31,41,PASS
SMMS-2026-0087,SMMS,S&T,S&-SEC-A01-018,Axle Counter,Demo Division,SEC-A01,Nagpur–Wardha,17.037,MEDIUM,3,2026-03-21,2026-04-11,0,60,SIGNALLING_AND_TRAFFIC_BLOCK,HIGH,LOW,RESOLVED,Field survey,EVD-H-SMMS-2026-0087,2026-04-14,88,PASS
SMMS-2026-0088,SMMS,S&T,S&-SEC-B02-006,Cable,Demo Division,SEC-B02,Akola–Bhusawal,323.567,LOW,2,2025-08-31,2025-10-15,0,30,SIGNALLING_AND_TRAFFIC_BLOCK,MEDIUM,LOW,RESOLVED,Condition monitoring,EVD-H-SMMS-2026-0088,2025-09-22,65,PASS
SMMS-2026-0089,SMMS,S&T,S&-SEC-B01-008,Cable,Demo Division,SEC-B01,Badnera–Akola,200.997,MEDIUM,3,2026-05-17,2026-06-07,0,45,SIGNALLING_AND_TRAFFIC_BLOCK,MEDIUM,HIGH,RESOLVED,Visual inspection,EVD-H-SMMS-2026-0089,2026-06-03,43,PASS
SMMS-2026-0090,SMMS,S&T,S&-SEC-B01-011,Relay,Demo Division,SEC-B01,Badnera–Akola,184.014,HIGH,4,2026-03-18,2026-03-25,0,120,SIGNALLING_AND_TRAFFIC_BLOCK,MEDIUM,MEDIUM,RESOLVED,Maintenance inspection,EVD-H-SMMS-2026-0090,2026-04-01,119,PASS
